numOfFiles,sizeUploaded(kb),UploadTime(sec),Speed(kb/sec)
10,64000.0,1.821,35145.52443712246
40,256000.0,13.641,18766.952569459718
160,1024000.0,42.495,24096.952582656784
640,4096000.0,162.347,25229.90877564722
