numOfFiles,sizeDownloaded(kb),DownloadTime(sec),Speed(kb/sec)
10,64000.0,1133,56487.20211827008
40,256000.0,4707,54387.083067771404
160,1024000.0,19225,53263.979193758125
640,4096000.0,76264,53708.171614392115
