startUnixTime,numOfFiles,sizeUploaded(kb),UploadTime(sec),Speed(kb/sec)
1352474416,1352474928180,1,1.02400004375E7,511.521,20018.729314143504
