Start time;;;;
1357132279;;;;
End time;;;;
1357132287;;;;
Elapsed;;;;
8;;;;
Size (MBits);;bytes;bit;mbyte
8589.934592;;1073741824;8589934592;1024
Speed (MBit/sec);Speed (Mbyte/sec);;;
1073.741824;128;;;
unix_timestamp;MBits_in_sftp_lo;MBits_out_sftp_eth0;;
-1;0;0;;
0;0;0.00724072;;
1;0.0369035;0.0166607;;
2;0;0.00488624;;
3;0;0.00322232;;
4;0;0.003988;;
5;0;0.00411568;;
6;0;0.00449848;;
7;0;0.00914056;;
