fileSize(MBit);speed(MBit/sec)
419.46316800000000000000;42.01164763442629960671
419.46316800000000000000;33.97629077880736922442
419.46316800000000000000;41.89505329219675142916
419.46316800000000000000;33.80535821512653024599
419.46316800000000000000;36.22125550083787383834
=AVERAGE(A2:A6);=AVERAGE(B2:B6)
=STDEV(A2:A6);=STDEV(B2:B6)
