fileSize(MBit);speed(MBit/sec)
419.51232000000000000000;28.03239575464973527006
419.51232000000000000000;21.60266960272232425289
419.51232000000000000000;29.23615532536920925388
419.51232000000000000000;31.53727997569237087306
419.51232000000000000000;26.84403765399933577988
=AVERAGE(A2:A6);=AVERAGE(B2:B6)
=STDEV(A2:A6);=STDEV(B2:B6)
