fileSize(MBit);speed(MBit/sec)
419.46316800000000000000;24.85446879120234540240
419.46316800000000000000;18.58626518239276486614
419.46316800000000000000;13.57978664207194677616
419.46316800000000000000;14.46298010862945843024
419.46316800000000000000;14.60261244410208753313
=AVERAGE(A2:A6);=AVERAGE(B2:B6)
=STDEV(A2:A6);=STDEV(B2:B6)
