DatasetID,numOfFiles,sizeUploaded(kb),UploadTime(msec),Speed(kb/msec),putWaitTotalTime(msec),putAverageTime(msec),
10,10,16000.0,16200.0,0.9876543209876543,16191.0,1619.1
40,40,64000.0,12147.0,5.2687906478966,12137.0,303.425
160,160,256000.0,52005.0,4.922603595808096,51961.0,324.75625
640,640,1024000.0,219352.0,4.668295707356213,219177.0,342.4640625
