DatasetID,numOfFiles,sizeUploaded(kb),UploadTime(msec),Speed(kb/msec),putWaitTotalTime(msec),putAverageTime(msec),
10,10,16000.0,15264.0,1.0482180293501049,15260.0,1526.0
40,40,64000.0,11935.0,5.3623795559279435,11922.0,298.05
160,160,256000.0,49357.0,5.186700974532488,49312.0,308.2
640,640,1024000.0,206937.0,4.948365927794449,206798.0,323.121875
