DatasetID,numOfFiles,sizeDownloaded(kb),DownloadTime(msec),Speed(kb/msec),getWaitTotalTime(msec),getAverageTime(msec),
10,10,16000.0,2945.0,5.432937181663837,2902.0,290.2
40,40,64000.0,6332.0,10.107391029690461,6322.0,158.05
160,160,256000.0,26159.0,9.786306816009786,26117.0,163.23125
640,640,1024000.0,109874.0,9.319766277736315,109714.0,171.428125
