DatasetID,numOfFiles,sizeDownloaded(kb),DownloadTime(msec),Speed(kb/msec),getWaitTotalTime(msec),getAverageTime(msec),
10,10,1000.0,376.0,2.6595744680851063,353.0,35.3
40,40,4000.0,1287.0,3.108003108003108,1274.0,31.85
160,160,16000.0,4006.0,3.9940089865202197,3966.0,24.7875
640,640,64000.0,12868.0,4.97357786757849,12758.0,19.934375
