numOfFiles,sizeDownloaded(kb),DownloadTime(msec),Speed(kb/msec)
10,32000.0,82,390243.90243902436
40,128000.0,329,389057.7507598784
160,512000.0,1284,398753.89408099686
640,2048000.0,5231,391512.1391703307
