numOfFiles,sizeDownloaded(kb),DownloadTime(msec),Speed(kb/msec)
10,32000.0,83,385542.1686746988
40,128000.0,338,378698.22485207097
160,512000.0,1367,374542.7944403804
640,2048000.0,5246,390392.6801372474
