numOfFiles,sizeDownloaded(kb),DownloadTime(sec),Speed(kb/sec)
10,64000.0,418,153110.04784688997
40,256000.0,1465,174744.02730375426
