numOfFiles,sizeDownloaded(kb),DownloadTime(sec),Speed(kb/sec)
10,64000.0,17894,3576.6178607354423
40,256000.0,66426,3853.9126245747148
